{"cameraMode":{"drawMode":0,"name":"Shaded","section":"Shading Mode"},"sceneLighting":false,"audioPlay":false,"sceneViewState":{"showFog":true,"showMaterialUpdate":false,"showSkybox":true,"showFlares":true,"showImageEffects":true,"showParticleSystems":true},"in2DMode":false,"pivot":{"x":-0.334712415933609,"y":0.0689232349395752,"z":1.2476928234100342},"rotation":{"x":-0.09466433525085449,"y":-0.008364908397197724,"z":0.0007955072214826942,"w":-0.9954738020896912},"size":3.277583360671997,"orthographic":false}