{"cameraMode":{"drawMode":0,"name":"Shaded","section":"Shading Mode"},"sceneLighting":false,"audioPlay":false,"sceneViewState":{"showFog":true,"showMaterialUpdate":false,"showSkybox":true,"showFlares":true,"showImageEffects":true,"showParticleSystems":true},"in2DMode":false,"pivot":{"x":5.139999866485596,"y":-3.4700000286102297,"z":-0.008384115993976593},"rotation":{"x":-0.13679175078868867,"y":0.1235794797539711,"z":-0.017202116549015046,"w":-0.9827106595039368},"size":3.7042410373687746,"orthographic":false}