{"cameraMode":{"drawMode":0,"name":"Shaded","section":"Shading Mode"},"sceneLighting":true,"audioPlay":false,"sceneViewState":{"showFog":true,"showMaterialUpdate":false,"showSkybox":true,"showFlares":true,"showImageEffects":true,"showParticleSystems":true},"in2DMode":false,"pivot":{"x":-0.39179134368896487,"y":-1.4738807678222657,"z":0.0},"rotation":{"x":-0.09166732430458069,"y":0.017024297267198564,"z":-0.0015674057649448515,"w":-0.995642900466919},"size":3.201601266860962,"orthographic":false}