{"cameraMode":{"drawMode":0,"name":"Shaded","section":"Shading Mode"},"sceneLighting":true,"audioPlay":false,"sceneViewState":{"showFog":true,"showMaterialUpdate":false,"showSkybox":true,"showFlares":true,"showImageEffects":true,"showParticleSystems":true},"in2DMode":false,"pivot":{"x":-7.091551303863525,"y":3.4830822944641115,"z":-0.008384115993976593},"rotation":{"x":0.053833771497011188,"y":0.07183275371789932,"z":0.003882411401718855,"w":-0.9959552884101868},"size":6.742998123168945,"orthographic":true}