{"cameraMode":{"drawMode":0,"name":"Shaded","section":"Shading Mode"},"sceneLighting":false,"audioPlay":false,"sceneViewState":{"showFog":true,"showMaterialUpdate":false,"showSkybox":true,"showFlares":true,"showImageEffects":true,"showParticleSystems":true},"in2DMode":false,"pivot":{"x":-3.6223087310791017,"y":-10.360791206359864,"z":3.3033294677734377},"rotation":{"x":-0.13679175078868867,"y":0.1235794797539711,"z":-0.017202116549015046,"w":-0.9827106595039368},"size":92.4969482421875,"orthographic":false}