{"cameraMode":{"drawMode":0,"name":"Shaded","section":"Shading Mode"},"sceneLighting":false,"audioPlay":false,"sceneViewState":{"showFog":true,"showMaterialUpdate":false,"showSkybox":true,"showFlares":true,"showImageEffects":true,"showParticleSystems":true},"in2DMode":false,"pivot":{"x":-0.760184645652771,"y":0.01786196231842041,"z":0.7371501922607422},"rotation":{"x":-0.02495540864765644,"y":0.9660279154777527,"z":-0.10210975259542465,"w":-0.23609519004821778},"size":7.237335681915283,"orthographic":false}