{"cameraMode":{"drawMode":0,"name":"Shaded","section":"Shading Mode"},"sceneLighting":false,"audioPlay":false,"sceneViewState":{"showFog":true,"showMaterialUpdate":false,"showSkybox":true,"showFlares":true,"showImageEffects":true,"showParticleSystems":true},"in2DMode":false,"pivot":{"x":5.139999866485596,"y":-3.4700000286102297,"z":-0.008384115993976593},"rotation":{"x":-0.09166732430458069,"y":0.017024297267198564,"z":-0.0015674057649448515,"w":-0.995642900466919},"size":2.728924512863159,"orthographic":false}