{"cameraMode":{"drawMode":0,"name":"Shaded","section":"Shading Mode"},"sceneLighting":false,"audioPlay":false,"sceneViewState":{"showFog":true,"showMaterialUpdate":false,"showSkybox":true,"showFlares":true,"showImageEffects":true,"showParticleSystems":true},"in2DMode":false,"pivot":{"x":-8.879761695861817,"y":1.184165358543396,"z":-14.060546875},"rotation":{"x":-0.13679175078868867,"y":0.1235794797539711,"z":-0.017202116549015046,"w":-0.9827106595039368},"size":3.7042412757873537,"orthographic":false}